{
    "event": {
        "default": {
            "model_name": "events",
            "is_reformat": false,
            "fields": {
                "event_id": {
                    "type": "string",
                    "source_name": "id"
                },
                "event_name": {
                    "type": "string",
                    "source_name": "title"
                },
                "event_type": {
                    "type": "string",
                    "source_name": "tags[0].slug"
                },
                "slug": {
                    "type": "string",
                    "source_name": "slug"
                },
                "lang": {
                    "type": "string",
                    "source_name": "lang"
                },
                "status": {
                    "type": "string",
                    "source_name": "status"
                },
                "description": {
                    "type": "string",
                    "source_name": "description"
                },
                "is_public": {
                    "type": "string",
                    "source_name": "public"
                },
                "img": {
                    "type": "string",
                    "source_name": "display_image_url"
                },
                "url": {
                    "type": "string",
                    "source_name": "url"
                },
                "location_name": {
                    "type": "string",
                    "source_name": "venue.name"
                },
                "location_address": {
                    "type": "string",
                    "source_name": "venue.address"
                },
                "location_city": {
                    "type": "string",
                    "source_name": "venue.city"
                },
                "location_state": {
                    "type": "string",
                    "source_name": "venue.state"
                },
                "location_country": {
                    "type": "string",
                    "default": "Canada" 
                },
                "location_zipcode": {
                    "type": "string",
                    "source_name": "venue.zip"
                }
            },
            "m2m_tables": [
                {
                    "model_name": "businessentity",
                    "display_name": "businessentity",
                    "sources": [
                        {
                            "fields": {
                                "entity_id": {
                                    "type": "string",
                                    "source_name": "organization.id"
                                },
                                "entity_name": {
                                    "type": "string",
                                    "source_name": "organization.name"
                                },
                                "slug": {
                                    "type": "string",
                                    "source_name": "organization.slug"
                                }
                            },
                            "connected_field1": "event_id",
                            "connected_field2": "entity_id",
                            "connected_table": {
                                "model_name": "entityeventrole",
                                "display_name": "",
                                "fields": {
                                    "role_name": {
                                        "type": "string",
                                        "default": "organization"
                                    }
                                }
                            }
                        },
                        {
                            "fields": {
                                "entity_id": {
                                    "type": "string",
                                    "source_name": "author.user_id"
                                },
                                "entity_name": {
                                    "type": "string",
                                    "source_name": "author.name"
                                }
                            },
                            "connected_field1": "event_id",
                            "connected_field2": "entity_id",
                            "connected_table": {
                                "model_name": "entityeventrole",
                                "display_name": "",
                                "fields": {
                                    "role_name": {
                                        "type": "string",
                                        "default": "author"
                                    }
                                }
                            }
                        }
                    ]
                }
            ],
            "o2m_tables": [
                {
                    "model_name": "eventdate",
                    "display_name": "event_date",
                    "sources": [
                        {
                            "connected_field": "event_id",
                            "fields": {
                                "date": {
                                    "type": "string",
                                    "source_name": "start_date"
                                }
                            }
                        },
                        {
                            "connected_field": "event_id",
                            "fields": {
                                "date": {
                                    "type": "string",
                                    "source_name": "next_date"
                                }
                            }
                        },
                        {
                            "connected_field": "event_id",
                            "fields": {
                                "date": {
                                    "type": "string",
                                    "source_name": "end_date"
                                }
                            }
                        }
                    ]
                }
            ]
        },
        "crawl_data": {
            "model_name": "events",
            "is_reformat": false,
            "fields": {
                "event_id": {
                    "type": "string",
                    "source_name": "id"
                },
                "event_name": {
                    "type": "string",
                    "source_name": "name"
                },
                "event_type": {
                    "type": "string",
                    "source_name": "type"
                },
                "slug": {
                    "type": "string",
                    "source_name": "slug"
                },
                "description": {
                    "type": "string",
                    "source_name": "description"
                },
                "img": {
                    "type": "string",
                    "source_name": "img"
                },
                "url": {
                    "type": "string",
                    "source_name": "href"
                },
                "location_name": {
                    "type": "string",
                    "source_name": "lieu"
                },
                "location_address": {
                    "type": "string",
                    "source_name": "street"
                },
                "location_city": {
                    "type": "string",
                    "source_name": "city"
                },
                "location_state": {
                    "type": "string",
                    "source_name": "region"
                },
                "location_country": {
                    "type": "string",
                    "source_name": "country" 
                }
            },
            "m2m_tables": [
            ],
            "o2m_tables": [
                {
                    "model_name": "eventdate",
                    "display_name": "event_date",
                    "sources": [
                        {
                            "connected_field": "event_id",
                            "array": "list_dates",
                            "fields": {
                                "date": {
                                    "type": "string",
                                    "source_name": ""
                                }
                            }
                        }
                    ]
                }
            ]
        }
    },
    "article": {
        "default": {
            "model_name": "products",
            "is_reformat": false,
            "fields": {
                "product_id": {
                    "type": "string",
                    "source_name": "id"
                },
                "product_name": {
                    "type": "string",
                    "source_name": "name"
                },
                "description": {
                    "type": "string",
                    "source_name": "description"
                },
                "product_type": {
                    "type": "string",
                    "source_name": "category"
                },
                "img": {
                    "type": "string",
                    "source_name": "img"
                },
                "url": {
                    "type": "string",
                    "source_name": "url"
                }
            },
            "m2m_tables": [],
            "o2m_tables": []
        },
        "crawl_data": {
            "model_name": "products",
            "is_reformat": false,
            "fields": {
                "product_id": {
                    "type": "string",
                    "source_name": "id"
                },
                "product_name": {
                    "type": "string",
                    "source_name": "name"
                },
                "description": {
                    "type": "string",
                    "source_name": "description"
                },
                "product_type": {
                    "type": "string",
                    "source_name": "type"
                },
                "img": {
                    "type": "string",
                    "source_name": "img"
                },
                "url": {
                    "type": "string",
                    "source_name": "href"
                },
                "slug": {
                    "type": "string",
                    "source_name": "slug"
                }
            },
            "m2m_tables": [

                {
                    "model_name": "businessentity",
                    "display_name": "businessentity",
                    "sources": [
                        {
                            "array": "authors",
                            "fields": {
                                "entity_name": {
                                    "type": "string",
                                    "source_name": "author"
                                }
                            },
                            "connected_field1": "product_id",
                            "connected_field2": "entity_id",
                            "connected_table": {
                                "model_name": "entityproductrole",
                                "display_name": "",
                                "fields": {
                                    "role_name": {
                                        "type": "string",
                                        "default": "author"
                                    }
                                }
                            }
                        }
                    ]
                }
            ],
            "o2m_tables": []
        }
    },
    "web-activity": {
        "default": {
            "model_name": "interaction_f",
            "is_reformat": true,
            "fields": {
                "session_id": {
                    "type": "string",
                    "source_name": "ga_session_id"
                },
                "visit_date": {
                    "type": "string",
                    "source_name": "event_date"
                },
                "visit_timestamp": {
                    "type": "string",
                    "source_name": "event_timestamp"
                },
                "operating_system": {
                    "type": "string",
                    "source_name": "device.operating_system"
                },
                "device_category": {
                    "type": "string",
                    "source_name": "device.category"
                },
                "browser": {
                    "type": "string",
                    "source_name": "device.web_info.browser"
                },
                "page_title": {
                    "type": "string",
                    "source_name": "page_title"
                },
                "page_location": {
                    "type": "string",
                    "source_name": "page_location"
                },
                "event_name": {
                    "type": "string",
                    "source_name": "event_name"
                },
                "customer_id": {
                    "type": "string",
                    "source_name": "user_id"
                },
                "traffic_source": {
                    "type": "string",
                    "source_name": "traffic_source.source"
                },
                "geolocation_city": {
                    "type": "string",
                    "source_name": "geo.city"
                },
                "geolocation_state": {
                    "type": "string",
                    "source_name": "geo.region"
                },
                "geolocation_country": {
                    "type": "string",
                    "source_name": "geo.country" 
                }
            },
            "m2m_tables": [],
            "o2m_tables": []
        }
    },
    "google-analytic": {
        "default": {
            "model_name": "interaction_ga",
            "is_reformat": true,
            "fields": {
                "event_count": {
                    "type": "int",
                    "source_name": "eventCount"
                },
                "session_count": {
                    "type": "int",
                    "source_name": "sessions"
                },
                "date": {
                    "type": "string",
                    "source_name": "date"
                },
                "operating_system": {
                    "type": "string",
                    "source_name": "operatingSystem"
                },
                "device_category": {
                    "type": "string",
                    "source_name": "deviceCategory"
                },
                "country": {
                    "type": "string",
                    "source_name": "country"
                },
                "browser": {
                    "type": "string",
                    "source_name": "browser"
                },
                "page_location": {
                    "type": "string",
                    "source_name": "pageLocation"
                },
                "event_name": {
                    "type": "string",
                    "source_name": "eventName"
                }
            }
        }
    }
}